Demand,Temp_F
0.3637581265633888,0.3448275862068966
0.3765282220333075,0.40229885057471265
0.421027845902622,0.3103448275862069
0.4786339422777006,0.3563218390804598
0.4734781997101042,0.3333333333333333
0.40290629758970575,0.3563218390804598
0.37710923691340437,0.3563218390804598
0.3434531854905295,0.3448275862068966
0.3487557107646767,0.3103448275862069
0.29340639850281636,0.3563218390804598
0.4236393548900048,0.2988505747126437
0.3835676760016391,0.3563218390804598
0.3683878977658449,0.367816091954023
0.4438342089329509,0.367816091954023
0.4211195850942162,0.39080459770114945
0.3344382809298685,0.4482758620689656
0.2848134942234889,0.40229885057471265
0.3112038016720997,0.42528735632183906
0.3407377054193399,0.3563218390804598
0.38716385231213346,0.3448275862068966
0.43314353513916837,0.26436781609195403
0.38145155864886515,0.40229885057471265
0.3540765838771429,0.24137931034482757
0.34483538931054947,0.24137931034482757
0.3911208694428985,0.2873563218390805
0.486682527353569,0.2988505747126437
0.4756493605778347,0.3103448275862069
0.4340670430012171,0.27586206896551724
0.5238613637336628,0.08045977011494253
0.46308720727552954,0.13793103448275862
0.4485740671653201,0.14942528735632182
0.5555358486181019,0.24137931034482757
0.5044493507923209,0.2988505747126437
0.46130746695860125,0.3218390804597701
0.44395652785507655,0.3563218390804598
0.46628584708911547,0.3563218390804598
0.33229769979266954,0.37931034482758624
0.4426354834961195,0.26436781609195403
0.44488615166323164,0.20689655172413796
0.5750334848049319,0.21839080459770116
0.46300769997614777,0.26436781609195403
0.4912266753105371,0.26436781609195403
0.49718972276416296,0.1839080459770115
0.44549774627385985,0.20689655172413796
0.48597919355134644,0.2988505747126437
0.49525708379457767,0.2873563218390805
0.4790865222895656,0.367816091954023
0.42770645905068294,0.24137931034482757
0.5663610732262228,0.24137931034482757
0.5624774474487331,0.26436781609195403
0.4008574556441009,0.2873563218390805
0.3534833371048335,0.2873563218390805
0.49012580501140623,0.3448275862068966
0.4528735772780371,0.40229885057471265
0.34435222956815303,0.471264367816092
0.2749056615313106,0.41379310344827586
0.3171974288562569,0.3448275862068966
0.37912138318237143,0.367816091954023
0.35187484327888097,0.41379310344827586
0.39194040622114035,0.40229885057471265
0.3799653837450385,0.1839080459770115
0.36829004262814447,0.41379310344827586
0.3263163045007248,0.367816091954023
0.4011571370033088,0.26436781609195403
0.3220167943880079,0.27586206896551724
0.3046475074461644,0.2988505747126437
0.3567920639483325,0.3448275862068966
0.29541854477178353,0.5747126436781609
0.2603986373672076,0.471264367816092
0.24718819377763646,0.6091954022988505
0.22255316286152882,0.6206896551724137
0.16828637306048067,0.41379310344827586
0.18615716758303935,0.4367816091954023
0.3703878121425994,0.19540229885057475
0.40690001039710844,0.27586206896551724
0.3401077629703927,0.4367816091954023
0.36546447552704164,0.4482758620689656
0.31642681964686536,0.3333333333333333
0.20701254380546408,0.4942528735632184
0.14697230088008473,0.5862068965517241
0.20980753117603534,0.5747126436781609
0.2068902248833384,0.5862068965517241
0.326169521794174,0.5632183908045977
0.25639880861369857,0.5862068965517241
0.30413376797323666,0.6206896551724137
0.15031772340022154,0.5862068965517241
0.28899068541408024,0.471264367816092
0.22720128190230382,0.471264367816092
0.20281700477655396,0.528735632183908
0.28751674240246594,0.6551724137931034
0.3499727840398271,0.4367816091954023
0.2869234956301565,0.3103448275862069
0.19712305895160454,0.42528735632183906
0.1995939011785428,0.528735632183908
0.24470511965848563,0.5632183908045977
0.2371641581094388,0.5977011494252873
0.23320102503256745,0.5977011494252873
0.24315166934748977,0.6436781609195402
0.21491434617478156,0.6206896551724137
0.15059905692111042,0.7126436781609194
0.24975077519616906,0.5747126436781609
0.3245426801299027,0.5172413793103448
0.24249114716801112,0.5977011494252873
0.20676179001510642,0.5862068965517241
0.33912309564728116,0.5057471264367815
0.37302378491440735,0.37931034482758624
0.2246753961604091,0.4482758620689656
0.20068253958546123,0.5747126436781609
0.22709119487239082,0.6436781609195402
0.1815396282727958,0.7241379310344827
0.26378075556398195,0.6666666666666666
0.24890065868739575,0.40229885057471265
0.1799984098540124,0.5517241379310345
0.11042952289504426,0.7241379310344827
0.2445032934369783,0.5402298850574712
0.15603001706348973,0.5057471264367815
0.14469716892854745,0.5402298850574712
0.2638602628633637,0.632183908045977
0.33227935195435054,0.5632183908045977
0.24142697254551793,0.6206896551724137
0.11573204816919158,0.5632183908045977
0.1421651672405463,0.7586206896551724
0.2941280801433578,0.6666666666666666
0.32463441932149695,0.528735632183908
0.3495568997045998,0.5172413793103448
0.16703260410869258,0.6206896551724137
0.17753979951928667,0.6206896551724137
0.19052395310292536,0.5632183908045977
0.10723088308145834,0.6551724137931034
0.2797800705780181,0.5862068965517241
0.17060431663476183,0.6206896551724137
0.1715950999039797,0.6436781609195402
0.17624933489086103,0.6781609195402298
0.1831053104760041,0.7586206896551724
0.13190872562030997,0.7586206896551724
0.15626853896163473,0.793103448275862
0.24189178444959547,0.7471264367816092
0.2697804986942456,0.8390804597701149
0.29822576403456735,0.8160919540229885
0.28755955402521005,0.7586206896551724
0.2825934057869083,0.793103448275862
0.3007577657225685,0.8620689655172413
0.3802834129425652,0.8965517241379309
0.2306262117218223,0.6666666666666666
0.22314640963383836,0.7586206896551724
0.41116282483318767,0.9080459770114941
0.34859058021980716,0.8045977011494252
0.23851578219892722,0.6091954022988505
0.2405279284678944,0.4942528735632184
0.26073501440305313,0.5057471264367815
0.2292378919556961,0.5862068965517241
0.29370607986202435,0.735632183908046
0.364779489563138,0.8160919540229885
0.3505293351354988,0.7241379310344827
0.4035973994997156,0.8045977011494252
0.37174555217819427,0.9080459770114941
0.5550588048218119,0.9425287356321839
0.7066180652816088,0.9655172413793103
0.7865229011601949,0.9540229885057472
0.6926003168060084,0.9195402298850575
0.43650730549762395,0.7816091954022988
0.3166102980300538,0.7011494252873562
0.24075421847382683,0.7011494252873562
0.26106527549279235,0.8505747126436781
0.40510192224186126,0.6666666666666666
0.46629807898132813,0.7586206896551724
0.3000360840820272,0.7586206896551724
0.2647531909948809,0.7816091954022988
0.33616909367794656,0.8275862068965517
0.4842544967493746,0.8850574712643677
0.49375867699853837,0.8850574712643677
0.7734164286544307,0.8850574712643677
0.5770150513433676,0.8045977011494252
0.30222559278807637,0.7241379310344827
0.30880635079843677,0.7816091954022988
0.38924938993437586,0.7011494252873562
0.4638883962154525,0.8505747126436781
0.5927452647287272,0.8965517241379309
0.8724580598995761,0.9770114942528736
0.9230247023063234,1.0
1.0,0.9885057471264367
0.7467570195771436,0.8275862068965517
0.4931409664418037,0.6781609195402298
0.2983725467411181,0.6206896551724137
0.24690686025674746,0.6781609195402298
0.30272098442268536,0.7241379310344827
0.64598457558392,0.8735632183908045
0.687169356663629,0.9195402298850575
0.5469735240693059,0.735632183908046
0.5631807812509555,0.7011494252873562
0.44273945457992625,0.7701149425287356
0.37424085818955766,0.8160919540229885
0.5357691108025957,0.7241379310344827
0.4429229329631148,0.7241379310344827
0.5184854471062401,0.7816091954022988
0.6825823970839169,0.8735632183908045
0.7863394227770064,0.9425287356321839
0.5715902071470946,0.8505747126436781
0.4793495079721358,0.7586206896551724
0.5238491318414503,0.7586206896551724
0.6223464438831365,0.8735632183908045
0.6344682490657894,0.8275862068965517
0.4488920963628469,0.8160919540229885
0.4360424935935465,0.8275862068965517
0.3918364351373337,0.8160919540229885
0.4117377237671782,0.7241379310344827
0.6607607013766994,0.8965517241379309
0.6882641110166536,0.8965517241379309
0.5164794167833794,0.7586206896551724
0.4747380846079985,0.8045977011494252
0.48585075868311445,0.8275862068965517
0.2683065556826313,0.7471264367816092
0.3078767269902818,0.793103448275862
0.4315656210437474,0.8045977011494252
0.44862299473417044,0.7816091954022988
0.468200138220382,0.7816091954022988
0.46460396190988773,0.7126436781609194
0.5412795782443566,0.8735632183908045
0.5658167540227637,0.8965517241379309
0.5133786321074939,0.8390804597701149
0.5579455313839776,0.8045977011494252
0.6170255707706704,0.793103448275862
0.7307332407786824,0.9195402298850575
0.8918823047331306,0.9540229885057472
0.901141847138043,0.9425287356321839
0.7199263640088804,0.8965517241379309
0.40551169063098214,0.8160919540229885
0.46997376259120405,0.793103448275862
0.5279284678943409,0.8390804597701149
0.6252454023375145,0.8620689655172413
0.6512687530197483,0.8275862068965517
0.7040982954858204,0.8160919540229885
0.6441069801292911,0.8620689655172413
0.5021130593797207,0.7586206896551724
0.613447742298495,0.8045977011494252
0.7144097806210132,0.8850574712643677
0.7733002256784114,0.9310344827586207
0.8731858574862237,0.9540229885057472
0.7847553927354793,0.9310344827586207
0.4293333007149541,0.735632183908046
0.379457760218217,0.7126436781609194
0.6418073843933287,0.8620689655172413
0.5982068046016378,0.8505747126436781
0.49532435920174667,0.7241379310344827
0.3598561529475802,0.735632183908046
0.3037545793146471,0.735632183908046
0.21750139137773927,0.7816091954022988
0.30660461020017493,0.7126436781609194
0.41463056627545003,0.8160919540229885
0.40334052976325174,0.8045977011494252
0.47229782211159155,0.8505747126436781
0.5151094448555719,0.7586206896551724
0.3406337343355331,0.7701149425287356
0.2327362131284899,0.7701149425287356
0.33647489098326067,0.8160919540229885
0.4471368198303437,0.8160919540229885
0.38855217207825965,0.7471264367816092
0.5785501538160445,0.8505747126436781
0.49986239121260867,0.7586206896551724
0.43954693071244655,0.7126436781609194
0.387065997174433,0.7816091954022988
0.25902254949329395,0.735632183908046
0.3204266484003744,0.735632183908046
0.331594365990447,0.735632183908046
0.4478768493092039,0.793103448275862
0.5230051312787832,0.8390804597701149
0.43952246692802144,0.735632183908046
0.28660546643262985,0.7471264367816092
0.2219599160892195,0.7471264367816092
0.3205611992147125,0.7241379310344827
0.37126239243579784,0.7011494252873562
0.26176249334890866,0.6551724137931034
0.2796455197636798,0.6206896551724137
0.22966600818313598,0.6666666666666666
0.19881106007693872,0.7011494252873562
0.22116484309540274,0.689655172413793
0.4134134930002997,0.6206896551724137
0.3586084999418985,0.6206896551724137
0.2541297926082676,0.7011494252873562
0.2670894824074811,0.7126436781609194
0.272080094430208,0.735632183908046
0.24303546637147044,0.6551724137931034
0.2443075831615772,0.6551724137931034
0.3199985321729345,0.689655172413793
0.304574116092889,0.7241379310344827
0.29335747093396614,0.735632183908046
0.3138520063361202,0.793103448275862
0.35384417792510414,0.7471264367816092
0.2798901576079311,0.7701149425287356
0.16080657097249673,0.632183908045977
0.27320542851376395,0.5862068965517241
0.2210058284966393,0.5862068965517241
0.2444176701914903,0.7241379310344827
0.26430061098301605,0.735632183908046
0.2879448586299058,0.7241379310344827
0.21443118643238523,0.5517241379310345
0.14050162989963744,0.5402298850574712
0.3908028402453717,0.5402298850574712
0.3912370724189178,0.5747126436781609
0.3363342242228162,0.5172413793103448
0.2667714532099543,0.5057471264367815
0.2780798375604715,0.5057471264367815
0.30411542013491777,0.5747126436781609
0.19692123273009732,0.6551724137931034
0.24744506351410034,0.6091954022988505
0.3076993645531996,0.5632183908045977
0.24826460029234232,0.4942528735632184
0.27175594928657487,0.4597701149425288
0.2505397322438795,0.4827586206896552
0.2044805421174628,0.4827586206896552
0.18824882115138808,0.528735632183908
0.2458916132031045,0.632183908045977
0.25207483471655656,0.6666666666666666
0.2505458481899858,0.6091954022988505
0.24080926198878339,0.5517241379310345
0.3596115151033289,0.6206896551724137
0.17657959598060025,0.5747126436781609
0.20325735289620628,0.4942528735632184
0.3422972716764421,0.4597701149425288
0.25367721259640263,0.4597701149425288
0.31783348725131044,0.42528735632183906
0.26050260845101436,0.6666666666666666
0.2275682386686808,0.4482758620689656
0.23184940094307893,0.42528735632183906
0.29068480248552053,0.5057471264367815
0.3671891723290135,0.5172413793103448
0.27444084962723314,0.37931034482758624
0.2843547982655177,0.39080459770114945
0.28418966772064813,0.4942528735632184
0.36756836098760304,0.4367816091954023
0.2521543420159381,0.3563218390804598
0.31210284574972325,0.3333333333333333
0.3907111010537775,0.367816091954023
0.40203783324261355,0.3563218390804598
0.36522595362889665,0.4597701149425288
0.46925208095066273,0.5517241379310345
0.28703969860617595,0.40229885057471265
0.31766224076033445,0.3563218390804598
0.29774872023827725,0.42528735632183906
0.3762407725663123,0.5172413793103448
0.2820368546912365,0.39080459770114945
0.4511733442604904,0.3218390804597701
0.3824606897564019,0.3333333333333333
0.4679371525378119,0.3563218390804598
0.3740818435907943,0.4482758620689656
0.19924529225048482,0.4482758620689656
0.2973450677952627,0.4597701149425288
0.2575302586433609,0.4942528735632184
0.387176084204346,0.40229885057471265
0.37072418917844496,0.5632183908045977
0.24442990208370285,0.5747126436781609
0.4095849107377666,0.37931034482758624
0.3189527053887602,0.3218390804597701
0.36181937164769706,0.26436781609195403
0.4065208217385188,0.40229885057471265
0.43322915838465637,0.39080459770114945
0.38436274899545586,0.27586206896551724
0.414954711419083,0.22988505747126436
0.45533830355886906,0.3103448275862069
0.3462053612383569,0.37931034482758624
0.4633624248503123,0.2988505747126437
0.40488174818203504,0.41379310344827586
0.5057887429895968,0.37931034482758624
0.46473851272422595,0.39080459770114945
0.3808338480921306,0.4367816091954023
0.33254233763692087,0.471264367816092
0.2986049526931569,0.4597701149425288
0.4798938271755949,0.21839080459770116
0.43190199807959295,0.25287356321839083
0.4721755031894659,0.41379310344827586
0.3530491049312874,0.3563218390804598
0.4556257530258644,0.27586206896551724
0.392925073544252,0.20689655172413796
0.46113010452151904,0.3563218390804598
0.45514259328346796,0.24137931034482757
0.5962558177937336,0.05747126436781609
0.5193600273994385,0.3103448275862069
0.46497703462237094,0.39080459770114945
0.46465288947873795,0.39080459770114945
0.5214333331294685,0.05747126436781609
0.46929489257340673,0.14942528735632182
0.5008654063740391,0.4367816091954023
0.46360706269456364,0.26436781609195403
0.5067795262588146,0.39080459770114945
0.4935323869926058,0.3103448275862069
0.5857486223831396,0.10344827586206896
0.4939360394356206,0.1724137931034483
0.45588262276232827,0.2873563218390805
0.49481673567492523,0.22988505747126436
0.475637128685622,0.3563218390804598
0.4956301565070609,0.19540229885057475
0.5556826313246528,0.1724137931034483
0.5146446329514945,0.2988505747126437
0.5749295137211252,0.1149425287356322
0.47967976906187504,0.14942528735632182
0.5206749558122894,0.21839080459770116
0.4998256955359709,0.26436781609195403
0.4652094405744097,0.37931034482758624
0.47267089482407487,0.4367816091954023
0.5270171919245048,0.2873563218390805
0.4249603992489618,0.1839080459770115
0.47516008488933204,0.1839080459770115
0.5118068339581792,0.2988505747126437
0.43776719039551826,0.39080459770114945
0.37832019424244845,0.367816091954023
0.3554220920205251,0.471264367816092
0.346835303687304,0.4942528735632184
0.22764163002195625,0.5747126436781609
0.38627704012672237,0.26436781609195403
0.4607386839707168,0.16091954022988508
0.46408410649085363,0.19540229885057475
0.4554300427504633,0.3563218390804598
0.37593497526099806,0.6091954022988505
0.2996752432617563,0.39080459770114945
0.3540704679310367,0.3448275862068966
0.34344095359831694,0.21839080459770116
0.3186285602451272,0.4827586206896552
0.42096057049545277,0.40229885057471265
0.2828319276850533,0.6666666666666666
0.36361745980294424,0.24137931034482757
0.557456255695475,0.24137931034482757
0.3771765123205735,0.22988505747126436
0.33156378625991556,0.3448275862068966
0.3973958301479448,0.20689655172413796
0.4805360015167547,0.3103448275862069
0.3556973095953079,0.39080459770114945
0.316744848844392,0.3448275862068966
0.36869981101726534,0.25287356321839083
0.3650241274073893,0.3563218390804598
0.29481306610726143,0.5057471264367815
0.40280232650589887,0.5517241379310345
0.2547597350572147,0.39080459770114945
0.491202211526112,0.3333333333333333
0.27001290464628425,0.4482758620689656
0.2839878414991407,0.4942528735632184
0.40258215244607265,0.37931034482758624
0.2912658173656174,0.27586206896551724
0.30793177050523834,0.4482758620689656
0.28984080192285344,0.5517241379310345
0.2481545132624291,0.471264367816092
0.3426886922272442,0.4942528735632184
0.1817781501709408,0.6551724137931034
0.35886536967836247,0.4942528735632184
0.21569107133027954,0.5977011494252873
0.18468322457142516,0.5402298850574712
0.19658485569425166,0.471264367816092
0.2769911991535531,0.42528735632183906
0.46751515225647833,0.40229885057471265
0.26810472946112407,0.5172413793103448
0.2344670258765681,0.5402298850574712
0.20115958338175133,0.4597701149425288
0.3455876506816222,0.25287356321839083
0.2984948656632438,0.2988505747126437
0.29040958491073776,0.40229885057471265
0.35684099151718274,0.528735632183908
0.27646522778841276,0.5517241379310345
0.13320530619484183,0.4597701149425288
0.2639886977315956,0.4827586206896552
0.21415596885760246,0.5057471264367815
0.20596671702128966,0.5632183908045977
0.39374461032249386,0.4827586206896552
0.3987474542374333,0.5057471264367815
0.21046193740940766,0.5747126436781609
0.20524503538074823,0.5402298850574712
0.13813475875650583,0.5057471264367815
0.15469062486621377,0.5517241379310345
0.210731039038084,0.5402298850574712
0.22024745117946032,0.6666666666666666
0.2581479692000954,0.5632183908045977
0.15356529078265757,0.6436781609195402
0.20190572880671787,0.632183908045977
0.12945623123169048,0.4597701149425288
0.20587497782969544,0.528735632183908
0.26158513091182645,0.5057471264367815
0.13416550973352825,0.5057471264367815
0.20652938406306764,0.5862068965517241
0.12124251561095245,0.632183908045977
0.10433192462708019,0.5747126436781609
0.1858207905471938,0.5057471264367815
0.22321368504100747,0.5862068965517241
0.3080724372656829,0.5402298850574712
0.21170347446898297,0.5517241379310345
0.17097127340113882,0.471264367816092
0.2036977010158587,0.528735632183908
0.1105029142483197,0.5747126436781609
0.06855363990532515,0.6436781609195402
0.25061312359715493,0.5632183908045977
0.2810154916914873,0.5402298850574712
0.340609270551108,0.5172413793103448
0.1840593980685843,0.6436781609195402
0.23247934339202614,0.632183908045977
0.2563682288831671,0.528735632183908
0.12716886738794064,0.5632183908045977
0.15735106142244681,0.6206896551724137
0.14465435730580345,0.6666666666666666
0.2025907147706214,0.6781609195402298
0.23482786669683875,0.735632183908046
0.2736702404178415,0.7586206896551724
0.25652724348193046,0.8620689655172413
0.2646369880188616,0.7471264367816092
0.36880378210107223,0.7816091954022988
0.22920119627905844,0.7471264367816092
0.1275541719926364,0.6781609195402298
0.3176133131914842,0.5747126436781609
0.23044884928474008,0.6666666666666666
0.3900199991437676,0.735632183908046
0.49990520283535267,0.8620689655172413
0.32042053245426805,0.7126436781609194
0.19443815861094638,0.6551724137931034
0.18394319509256485,0.7011494252873562
0.20465790455454513,0.7241379310344827
0.3286587118594312,0.7816091954022988
0.318237139694325,0.7586206896551724
0.1968356094846092,0.7586206896551724
0.27548667641140745,0.8735632183908045
0.4710440531598036,0.8160919540229885
0.34422991064602737,0.6436781609195402
0.3326585406129402,0.7011494252873562
0.3107267578758096,0.6781609195402298
0.18703174787623777,0.735632183908046
0.1254686343703939,0.735632183908046
0.29611576262789974,0.793103448275862
0.30002385218981453,0.8275862068965517
0.3780449766676657,0.7701149425287356
0.3909924345746666,0.793103448275862
0.26842275865865073,0.7701149425287356
0.24934100680704796,0.7816091954022988
0.2458732653647857,0.7816091954022988
0.4205141064296942,0.8505747126436781
0.374852452800186,0.8045977011494252
0.3746261627942534,0.7701149425287356
0.33163106166708456,0.735632183908046
0.46202303265303624,0.8505747126436781
0.2255866721302452,0.6781609195402298
0.14445253108429612,0.6551724137931034
0.24090711712648394,0.7816091954022988
0.29577326964594797,0.735632183908046
0.3240105928186562,0.6666666666666666
0.3304629159607846,0.7586206896551724
0.3120661500730856,0.7816091954022988
0.416251291993615,0.8850574712643677
0.4985902744225018,0.9195402298850575
0.5115316163833964,0.7816091954022988
0.34531243310683946,0.7816091954022988
0.4330823756781056,0.8275862068965517
0.45399279541548687,0.8160919540229885
0.5902010311485135,0.9310344827586207
0.5426189704416325,0.8390804597701149
0.38096839890646883,0.8390804597701149
0.3817023124392228,0.8505747126436781
0.5379891992391763,0.8045977011494252
0.5293045557682545,0.8620689655172413
0.46106894506045615,0.8160919540229885
0.4777165503617582,0.8505747126436781
0.3532692789911136,0.8160919540229885
0.2779758664766646,0.793103448275862
0.4797103487924065,0.8620689655172413
0.5782810521873682,0.8965517241379309
0.6248172861100747,0.8850574712643677
0.589173552202658,0.8275862068965517
0.4514974894041235,0.8390804597701149
0.448139834991774,0.8505747126436781
0.48550214975505646,0.8965517241379309
0.6264380118282398,0.8390804597701149
0.6730048254814778,0.9195402298850575
0.8163809500510681,0.9540229885057472
0.8264477973420099,0.9540229885057472
0.7898316280036941,0.9540229885057472
0.7229598732775966,0.9425287356321839
0.7455277144097805,0.9885057471264367
0.8049685946167442,0.8965517241379309
0.5800974881809342,0.8160919540229885
0.5302647593069411,0.8505747126436781
0.6795244240307754,0.8965517241379309
0.696245420685353,0.9195402298850575
0.48901881876616915,0.8850574712643677
0.5090546582103518,0.8620689655172413
0.6932057954705302,0.8505747126436781
0.7454176273798676,0.8965517241379309
0.6594213091794237,0.8620689655172413
0.8277627257548608,0.9655172413793103
0.8751857718629783,0.9425287356321839
0.7364210706575254,0.9540229885057472
0.7503715437259566,0.9770114942528736
0.8754120618689107,0.9770114942528736
0.9177405248704948,0.9655172413793103
0.6618676876219367,0.793103448275862
0.600481936553175,0.8045977011494252
0.5288397438641771,0.8160919540229885
0.3467557963879223,0.7701149425287356
0.34167956111970743,0.8275862068965517
0.48041979854073535,0.8390804597701149
0.48389977187521027,0.8390804597701149
0.4367580592879816,0.8045977011494252
0.4033711094937831,0.8160919540229885
0.5453772621355661,0.9195402298850575
0.5529243396307193,0.9080459770114941
0.49610108435724465,0.8850574712643677
0.565027796975053,0.7586206896551724
0.5793696905942864,0.793103448275862
0.6153864972141867,0.8390804597701149
0.6345049447424269,0.8850574712643677
0.6512626370736421,0.8965517241379309
0.4533016935054769,0.8160919540229885
0.39929788938699884,0.7816091954022988
0.623979401493514,0.8850574712643677
0.725131034145327,0.9080459770114941
0.6484859975413897,0.8505747126436781
0.43496608707884066,0.793103448275862
0.25249683499789,0.7241379310344827
0.3013204327643466,0.793103448275862
0.4096277223605106,0.8390804597701149
0.4214865418605932,0.7241379310344827
0.46093439424611793,0.6666666666666666
0.41459387059881225,0.735632183908046
0.3628896622162966,0.7586206896551724
0.3480584929085605,0.7701149425287356
0.3245793758065404,0.8505747126436781
0.37745172989535625,0.8045977011494252
0.5195251579443082,0.7816091954022988
0.5502944828050176,0.7701149425287356
0.33723326830043976,0.793103448275862
0.2452005112930945,0.689655172413793
0.22522583130997453,0.689655172413793
0.1388258606665158,0.6781609195402298
0.260777826025797,0.8275862068965517
0.4598885674619435,0.7011494252873562
0.3770297296140227,0.7011494252873562
0.2779452867461333,0.689655172413793
0.37526222118930697,0.7126436781609194
0.21419878048034646,0.5862068965517241
0.11108392912841658,0.6666666666666666
0.1770444078846778,0.6781609195402298
0.2535181979976393,0.7241379310344827
0.25140208064486536,0.7126436781609194
0.23446090993046176,0.689655172413793
0.18924572036671217,0.6551724137931034
0.21209489501978507,0.6091954022988505
0.2791440121829647,0.5747126436781609
0.2235867577534908,0.5632183908045977
0.2196113927844069,0.5402298850574712
0.30508785556581675,0.5632183908045977
0.3172157766945758,0.5862068965517241
0.18433461564336695,0.7241379310344827
0.2355740121218053,0.7471264367816092
0.09596531035368516,0.5632183908045977
0.05808314017136884,0.5862068965517241
0.20346529506381994,0.6206896551724137
0.1778945243934511,0.6091954022988505
0.2034163674949696,0.735632183908046
0.32487294121964194,0.7011494252873562
0.30777887185258124,0.6436781609195402
0.05580189227372534,0.6666666666666666
0.08313405542270369,0.6436781609195402
0.3572262961218786,0.5517241379310345
0.25024616683077794,0.6091954022988505
0.16975420012598852,0.5517241379310345
0.1428807329349815,0.5517241379310345
0.12393964784382328,0.5862068965517241
0.09952479098754186,0.6551724137931034
0.24579987401151027,0.5862068965517241
0.36652865014953484,0.5862068965517241
0.36759282477202815,0.6551724137931034
0.3812252686429328,0.6781609195402298
0.14653806870653863,0.6666666666666666
0.18278728127847743,0.5172413793103448
0.09466261383304697,0.5517241379310345
0.14059948503733788,0.6091954022988505
0.30806020537347023,0.6551724137931034
0.31347281767753066,0.632183908045977
0.15072137584323608,0.689655172413793
0.14415284972508824,0.6206896551724137
0.19945323441809837,0.6781609195402298
0.2026946858544283,0.7586206896551724
0.22652852783061272,0.793103448275862
0.24786706379543388,0.7816091954022988
0.16935054768297386,0.5402298850574712
0.20151430825591565,0.4827586206896552
0.17720342248344112,0.6666666666666666
0.2963481685799385,0.7011494252873562
0.20173448231574187,0.735632183908046
0.251891356333368,0.4942528735632184
0.2250240050884672,0.41379310344827586
0.3079256545591321,0.40229885057471265
0.3746628584708912,0.4827586206896552
0.22430232344792578,0.4367816091954023
0.2589002305711683,0.42528735632183906
0.20539181808729912,0.39080459770114945
0.20103726445962566,0.3563218390804598
0.2768872280697463,0.3333333333333333
0.2904218168029503,0.4597701149425288
0.2789299540692448,0.4942528735632184
0.30752200211611747,0.4367816091954023
0.3017485489917864,0.4942528735632184
0.1891234014445865,0.4942528735632184
0.2971677053581804,0.528735632183908
0.29525341422691387,0.5057471264367815
0.3101763227262442,0.39080459770114945
0.36262056058762016,0.4597701149425288
0.2578238240564624,0.40229885057471265
0.29825022781899246,0.41379310344827586
0.3733173503275089,0.5747126436781609
0.1732035937299321,0.41379310344827586
0.26842887460475695,0.4597701149425288
0.3910658259279419,0.5172413793103448
0.3899037961677482,0.5747126436781609
0.2158806656595743,0.5172413793103448
0.15687401762615671,0.4482758620689656
0.29863553242368823,0.3218390804597701
0.4279205171644028,0.27586206896551724
0.3338511501036654,0.2988505747126437
0.34759368100448296,0.3563218390804598
0.3716171173099623,0.3103448275862069
0.419560018837114,0.39080459770114945
0.4282568942002484,0.39080459770114945
0.3067880885833635,0.41379310344827586
0.3009473600518633,0.367816091954023
0.3446213311968296,0.37931034482758624
0.37323784302812735,0.367816091954023
0.39013620211978695,0.3333333333333333
0.43544313087513076,0.3563218390804598
0.2901588311203802,0.5517241379310345
0.43748585687462926,0.10344827586206896
0.4495893142189631,0.20689655172413796
0.4440482670466708,0.26436781609195403
0.4248808919495801,0.3103448275862069
0.40521200927177425,0.367816091954023
0.37962289076308664,0.4827586206896552
0.32834679860801075,0.5862068965517241
0.31768058859865334,0.5172413793103448
0.21996611765857121,0.5172413793103448
0.24635642510718203,0.4482758620689656
0.3824606897564019,0.39080459770114945
0.3625043576116008,0.4482758620689656
0.43832374149119,0.41379310344827586
0.4322811867381825,0.3448275862068966
0.31894658944265386,0.40229885057471265
0.28095433223042443,0.3218390804597701
0.36224748787513683,0.37931034482758624
0.3028616511831298,0.37931034482758624
0.40544441522381314,0.2873563218390805
0.5042108288941758,0.3218390804597701
0.38210596488223747,0.5172413793103448
0.3409762273174849,0.3103448275862069
0.298433706202181,0.3448275862068966
0.38918211452720675,0.3218390804597701
0.372736335447412,0.4367816091954023
0.3946620022384363,0.4827586206896552
0.39828264233335586,0.39080459770114945
0.47623037545793157,0.3448275862068966
0.34482927336444313,0.3218390804597701
0.3623881546355814,0.3218390804597701
0.48246252454023375,0.3218390804597701
0.3688832894004538,0.367816091954023
0.514308255915649,0.3333333333333333
0.3931024359813341,0.4482758620689656
0.3440158525323075,0.367816091954023
0.2647042634260307,0.471264367816092
0.32691566721914056,0.4597701149425288
0.37301766896830113,0.4367816091954023
0.29833585106448046,0.3333333333333333
0.4266117046976582,0.25287356321839083
0.36107322622273064,0.3103448275862069
0.545071464830252,0.1149425287356322
0.5304360057979169,0.0
0.3210443589571089,0.41379310344827586
0.3262062174708117,0.4827586206896552
0.37966570238583064,0.2988505747126437
0.24507819237096884,0.4597701149425288
0.4193765404539256,0.41379310344827586
0.2074957035478604,0.5977011494252873
0.17651843651953747,0.40229885057471265
0.2311460671408564,0.4482758620689656
0.29510051557425676,0.4367816091954023
0.20279254099212884,0.4942528735632184
0.2879815543065435,0.528735632183908
0.23307259016433546,0.6206896551724137
0.3700820148372853,0.5517241379310345
0.21862060951518902,0.3218390804597701
0.3007944613992062,0.42528735632183906
0.32483012959689805,0.5402298850574712
0.392062725143266,0.3563218390804598
0.3401505745931367,0.40229885057471265
0.47638327411058856,0.26436781609195403
0.30903875675047554,0.2873563218390805
0.5126752983052714,0.13793103448275862
0.38214266055887525,0.27586206896551724
0.3637825903478139,0.3103448275862069
0.5004189423082804,0.3218390804597701
0.36246766193496305,0.39080459770114945
0.37962289076308664,0.37931034482758624
0.24442378613759652,0.40229885057471265
0.4461215727767007,0.3563218390804598
0.25815408514620175,0.41379310344827586
0.2420263352639337,0.471264367816092
0.34163674949696343,0.37931034482758624
0.32386992605821163,0.41379310344827586
0.29790161889093436,0.4597701149425288
0.20422978832710537,0.4482758620689656
0.35095133541683243,0.367816091954023
0.19977126361562503,0.41379310344827586
0.42727222687713684,0.41379310344827586
0.4729399964527512,0.3448275862068966
0.27207397848410164,0.37931034482758624
0.1980037551909093,0.42528735632183906
0.3144636009467485,0.471264367816092
0.0752322530533861,0.4597701149425288
0.1958081305387538,0.3333333333333333
0.16706929978533036,0.42528735632183906
0.15499642217152787,0.5402298850574712
0.16850654712030688,0.4827586206896552
0.3438079103646938,0.5517241379310345
0.13342548025466805,0.4597701149425288
0.3630180970845285,0.40229885057471265
0.09533536790473807,0.528735632183908
0.1615404845052506,0.5402298850574712
0.3599111964625369,0.41379310344827586
0.06525102900793234,0.471264367816092
0.11718152739638066,0.3563218390804598
0.2826851449785025,0.4482758620689656
0.27370693609447927,0.4597701149425288
0.05139841107720167,0.4367816091954023
0.1421223556178024,0.4827586206896552
0.23170261823652816,0.5862068965517241
0.3894756799403084,0.4597701149425288
0.22556832429192641,0.5172413793103448
0.06324499868507161,0.5747126436781609
0.018818766169032608,0.4482758620689656
0.01632957610377539,0.4827586206896552
0.07120184456934575,0.5977011494252873
0.07284703407193582,0.7241379310344827
0.11292482890640765,0.7241379310344827
0.135523249769123,0.8390804597701149
0.2553407499373116,0.8850574712643677
0.1482505336162978,0.6551724137931034
0.18086075825499837,0.6206896551724137
0.30608475478114094,0.5402298850574712
0.18126441069801302,0.5402298850574712
0.1416208480370872,0.4827586206896552
0.09775728256282601,0.5402298850574712
0.09099916211538339,0.5862068965517241
0.15807885900909446,0.5517241379310345
0.2865259591332481,0.5172413793103448
0.2326689377213209,0.5402298850574712
0.16259242723553124,0.5517241379310345
0.11774419443815864,0.5402298850574712
0.2153179986177962,0.528735632183908
0.0893478566666871,0.5977011494252873
0.23903563761796132,0.5402298850574712
0.2655054523659538,0.5172413793103448
0.12214767563468232,0.5977011494252873
0.28692961157626284,0.5402298850574712
0.2525212987823151,0.528735632183908
0.2852660742353539,0.4942528735632184
0.22310971395720058,0.5517241379310345
0.05300078895704774,0.735632183908046
0.04458524711480244,0.7816091954022988
0.10091311075366804,0.7471264367816092
0.10773850660827977,0.6206896551724137
0.0565541536447981,0.7011494252873562
0.1101971169430056,0.8045977011494252
0.19893337899906427,0.8390804597701149
0.11543848275608992,0.8045977011494252
0.0,0.6436781609195402
0.0781189796155517,0.7011494252873562
0.10409340272893519,0.7586206896551724
0.010586702709975748,0.5747126436781609
0.047294611239885764,0.5862068965517241
0.03766811206859649,0.689655172413793
0.20903080602053747,0.6436781609195402
0.08258973621924448,0.689655172413793
0.06698795770211685,0.6781609195402298
0.02594995932895844,0.6551724137931034
0.11113897264337314,0.7011494252873562
0.021112245958888665,0.6436781609195402
0.06940375641409857,0.689655172413793
0.035038255242894834,0.7701149425287356
0.07011320616242733,0.8620689655172413
0.10450317111805618,0.7471264367816092
0.08671799984098538,0.6781609195402298
0.1442078932400448,0.7586206896551724
0.28378601527763336,0.8735632183908045
0.46326456971261176,0.9080459770114941
0.14925966472383445,0.5747126436781609
0.126508345208462,0.5747126436781609
0.17572947947182693,0.6436781609195402
0.1532839572617687,0.735632183908046
0.2351642437326843,0.6666666666666666
0.19923306035827215,0.632183908045977
0.22040034983211731,0.6551724137931034
0.12411089433479916,0.7011494252873562
0.1257683157296018,0.8045977011494252
0.3073140599485038,0.8160919540229885
0.33045068406857203,0.735632183908046
0.318279951317069,0.7816091954022988
0.3072223207569096,0.7471264367816092
0.3330132654871045,0.8275862068965517
0.2612915654987249,0.689655172413793
0.19417517292837616,0.7241379310344827
0.22794742732727047,0.7241379310344827
0.24871106435810086,0.7241379310344827
0.23191667635024804,0.7241379310344827
0.27656919887221953,0.7241379310344827
0.33108674246362546,0.7701149425287356
0.37569033741674673,0.7701149425287356
0.3842159662889051,0.8620689655172413
0.47093396612989047,0.8045977011494252
0.46188848183869813,0.7816091954022988
0.439901655586611,0.7816091954022988
0.42095445454934655,0.793103448275862
0.4299204315411572,0.8160919540229885
0.3148244417670192,0.8045977011494252
0.36514033038340876,0.7241379310344827
0.48191820533677465,0.8045977011494252
0.4487697774407212,0.7816091954022988
0.5685016543634218,0.8965517241379309
0.6715125346315447,0.9310344827586207
0.6709070559670229,0.8850574712643677
0.5417382742023278,0.8505747126436781
0.5189624909025301,0.8275862068965517
0.5258001186493545,0.7701149425287356
0.4645122227182934,0.8735632183908045
0.681090106233984,0.9080459770114941
0.6348902493471227,0.8965517241379309
0.6511708978820478,0.7816091954022988
0.5571321105518419,0.8850574712643677
0.556245298366431,0.793103448275862
0.6793225978092681,0.8965517241379309
0.7087953420954456,0.8735632183908045
0.5677004654234987,0.8390804597701149
0.4776309271162703,0.8505747126436781
0.4643776719039552,0.7816091954022988
0.3575504412655116,0.8045977011494252
0.35636394772089275,0.8735632183908045
0.5334511672283144,0.8850574712643677
0.605258490462182,0.8735632183908045
0.6401560789446326,0.8735632183908045
0.7543713724794658,0.8735632183908045
0.7711229488645746,0.8850574712643677
0.6978172188346676,0.8965517241379309
0.33456059985199416,0.7471264367816092
0.3388295302341796,0.8275862068965517
0.24813616542411032,0.7816091954022988
0.2813641006195453,0.7586206896551724
0.355287541206187,0.8160919540229885
0.43461747815078267,0.7816091954022988
0.3193930535084125,0.8275862068965517
0.27131560116692255,0.8275862068965517
0.48019962448090914,0.735632183908046
0.5272924094992876,0.8275862068965517
0.40998856318078125,0.8275862068965517
0.5018194939666192,0.8505747126436781
0.4261407768474744,0.8160919540229885
0.32459160769875306,0.8275862068965517
0.4129914927189662,0.8620689655172413
0.44067226479600274,0.8505747126436781
0.5187667806271292,0.7241379310344827
0.472132691566722,0.735632183908046
0.48308635104307474,0.7701149425287356
0.5034463356308905,0.793103448275862
0.22108533579602097,0.7471264367816092
0.2178316524674785,0.8160919540229885
0.5089568030726513,0.8620689655172413
0.2837065079782518,0.7816091954022988
0.26603753967720034,0.7701149425287356
0.312855107120796,0.793103448275862
0.40455760303840216,0.7241379310344827
0.37085262404667696,0.8390804597701149
0.2928498474071447,0.793103448275862
0.34908597185441614,0.7701149425287356
0.424899239787899,0.7816091954022988
0.49620505544105153,0.793103448275862
0.24033833413859962,0.735632183908046
0.2020035839444183,0.7471264367816092
0.1739436232087923,0.793103448275862
0.28265456524797106,0.8620689655172413
0.47379622890763085,0.8620689655172413
0.6274471429357764,0.9195402298850575
0.6697083305301914,0.9080459770114941
0.7803886072155932,0.9540229885057472
0.7282379347673187,0.8850574712643677
0.5645568691248692,0.8505747126436781
0.48508626541982913,0.7816091954022988
0.5442152323753724,0.793103448275862
0.4768480860146661,0.7701149425287356
0.46704422440629456,0.7586206896551724
0.2984275902560747,0.7586206896551724
0.2267425859443326,0.6781609195402298
0.19048114148018125,0.7126436781609194
0.08140324267462562,0.7701149425287356
0.40536490792443136,0.6781609195402298
0.19099488095310901,0.735632183908046
0.13466701731424346,0.7241379310344827
0.15248888426795193,0.7241379310344827
0.23301143070327268,0.7126436781609194
0.23989187007284096,0.6091954022988505
0.2829725944454978,0.632183908045977
0.27570073452512733,0.6206896551724137
0.24475404722733585,0.6206896551724137
0.13586574275107488,0.6666666666666666
0.17017008446121573,0.6551724137931034
0.32061624272966915,0.5747126436781609
0.22542154158537564,0.632183908045977
